{
  "training_date": "2026-01-04T21:22:30.511464",
  "model_variant": "fixed_span_12ft",
  "fixed_span_inches": 144.0,
  "dataset": {
    "source_path": "D:\\nTop\\DOERunner\\gcp_10000sample_no_bowtie\\doe_summary.csv",
    "n_train": 7000,
    "n_val": 1500,
    "n_test": 1500,
    "n_features_raw": 6,
    "n_features_engineered": 21,
    "input_features": [
      "loa",
      "le_sweep_p1",
      "le_sweep_p2",
      "te_sweep_p1",
      "te_sweep_p2",
      "panel_break"
    ]
  },
  "models": {
    "xgboost": {
      "test_metrics": {
        "overall": {
          "r2": 0.9263286362055908,
          "mae": 189.46549416730917,
          "rmse": 525.9302756232182
        },
        "per_output": {
          "range_nm": {
            "r2": 0.9768240406714271,
            "mae": 35.54662953100665,
            "rmse": 56.72565574242915,
            "mape": 2.9220210480785864
          },
          "endurance_hr": {
            "r2": 0.9771002496381991,
            "mae": 0.23356864001892885,
            "rmse": 0.37591077975956644,
            "mape": 2.8803945884209448
          },
          "mtow_lbm": {
            "r2": 0.9873791263797191,
            "mae": 79.0152879320638,
            "rmse": 112.89726423025968,
            "mape": 4.860454018133197
          },
          "material_cost_usd": {
            "r2": 0.9866255865778605,
            "mae": 832.5285315563849,
            "rmse": 1169.2089377970472,
            "mape": 5.419147736748487
          },
          "wingtip_deflection_in": {
            "r2": 0.703714177760748,
            "mae": 0.003453177074569677,
            "rmse": 0.01618866536517152,
            "mape": 9.89398969582433
          }
        }
      },
      "model_path": "xgboost_v1.pkl"
    },
    "neural_network": {
      "test_metrics": {
        "overall": {
          "r2": 0.9053554210060263,
          "mae": 227.68680484348914,
          "rmse": 588.4565527385497
        },
        "per_output": {
          "range_nm": {
            "r2": 0.969854632141684,
            "mae": 44.97672566099973,
            "rmse": 64.69503600184537,
            "mape": 3.8876981862201907
          },
          "endurance_hr": {
            "r2": 0.969853477854632,
            "mae": 0.29985522846672347,
            "rmse": 0.43130849732598436,
            "mape": 3.8878029100212568
          },
          "mtow_lbm": {
            "r2": 0.9834178775611663,
            "mae": 98.17399119888022,
            "rmse": 129.40729757168083,
            "mape": 8.00801244323944
          },
          "material_cost_usd": {
            "r2": 0.9832657254918772,
            "mae": 994.9781096710168,
            "rmse": 1307.8507902638598,
            "mape": 8.515345063987354
          },
          "wingtip_deflection_in": {
            "r2": 0.6203853919807721,
            "mae": 0.005342458082667395,
            "rmse": 0.01832428631105908,
            "mape": 29.257438629946492
          }
        }
      },
      "model_path": "neural_v1.pt",
      "training_epochs": 97
    },
    "ensemble": {
      "test_metrics": {
        "ensemble": {
          "overall": {
            "r2": 0.9467002987287211,
            "mae": 172.32513898496222,
            "rmse": 456.55878525212046
          },
          "per_output": {
            "range_nm": {
              "r2": 0.9816068721556058,
              "mae": 33.73037799692225,
              "rmse": 50.53455662699932,
              "mape": 2.9102419940152893
            },
            "endurance_hr": {
              "r2": 0.9817978846662374,
              "mae": 0.22347351809201402,
              "rmse": 0.33514314194595035,
              "mape": 2.8898634618205317
            },
            "mtow_lbm": {
              "r2": 0.9904551123389965,
              "mae": 72.23992935435872,
              "rmse": 98.1802468638312,
              "mape": 5.349413847619462
            },
            "material_cost_usd": {
              "r2": 0.9899227260286791,
              "mae": 755.4282122008332,
              "rmse": 1014.90709287097,
              "mape": 5.764354908035483
            },
            "wingtip_deflection_in": {
              "r2": 0.7897188984540862,
              "mae": 0.003701854606714009,
              "rmse": 0.01363815846903248,
              "mape": 17.046432315247863
            }
          }
        },
        "xgboost": {
          "overall": {
            "r2": 0.9263286362055908,
            "mae": 189.46549416730917,
            "rmse": 525.9302756232182
          },
          "per_output": {
            "range_nm": {
              "r2": 0.9768240406714271,
              "mae": 35.54662953100665,
              "rmse": 56.72565574242915,
              "mape": 2.9220210480785864
            },
            "endurance_hr": {
              "r2": 0.9771002496381991,
              "mae": 0.23356864001892885,
              "rmse": 0.37591077975956644,
              "mape": 2.8803945884209448
            },
            "mtow_lbm": {
              "r2": 0.9873791263797191,
              "mae": 79.0152879320638,
              "rmse": 112.89726423025968,
              "mape": 4.860454018133197
            },
            "material_cost_usd": {
              "r2": 0.9866255865778605,
              "mae": 832.5285315563849,
              "rmse": 1169.2089377970472,
              "mape": 5.419147736748487
            },
            "wingtip_deflection_in": {
              "r2": 0.703714177760748,
              "mae": 0.003453177074569677,
              "rmse": 0.01618866536517152,
              "mape": 9.89398969582433
            }
          }
        },
        "neural_network": {
          "overall": {
            "r2": 0.9053554210060263,
            "mae": 227.68680484348914,
            "rmse": 588.4565527385497
          },
          "per_output": {
            "range_nm": {
              "r2": 0.969854632141684,
              "mae": 44.97672566099973,
              "rmse": 64.69503600184537,
              "mape": 3.8876981862201907
            },
            "endurance_hr": {
              "r2": 0.969853477854632,
              "mae": 0.29985522846672347,
              "rmse": 0.43130849732598436,
              "mape": 3.8878029100212568
            },
            "mtow_lbm": {
              "r2": 0.9834178775611663,
              "mae": 98.17399119888022,
              "rmse": 129.40729757168083,
              "mape": 8.00801244323944
            },
            "material_cost_usd": {
              "r2": 0.9832657254918772,
              "mae": 994.9781096710168,
              "rmse": 1307.8507902638598,
              "mape": 8.515345063987354
            },
            "wingtip_deflection_in": {
              "r2": 0.6203853919807721,
              "mae": 0.005342458082667395,
              "rmse": 0.01832428631105908,
              "mape": 29.257438629946492
            }
          }
        },
        "uncertainty": {
          "range_nm": {
            "mean": 22.732786178588867,
            "median": 16.84185791015625,
            "std": 25.121761322021484,
            "max": 391.5428466796875
          },
          "endurance_hr": {
            "mean": 0.15181873738765717,
            "median": 0.10983908176422119,
            "std": 0.1682204306125641,
            "max": 2.793076515197754
          },
          "mtow_lbm": {
            "mean": 54.33982467651367,
            "median": 43.368927001953125,
            "std": 46.409515380859375,
            "max": 445.85833740234375
          },
          "material_cost_usd": {
            "mean": 536.4951782226562,
            "median": 429.333251953125,
            "std": 469.99798583984375,
            "max": 5329.60546875
          },
          "wingtip_deflection_in": {
            "mean": 0.0030054517555981874,
            "median": 0.001356443390250206,
            "std": 0.010192844085395336,
            "max": 0.22505247592926025
          }
        }
      },
      "xgb_weight": 0.5,