{
  "training_date": "2026-01-04T15:22:20.910497",
  "model_variant": "fixed_span_12ft",
  "fixed_span_inches": 144.0,
  "dataset": {
    "source_path": "D:\\nTop\\DOERunner\\gcp_10000sample_fixed_span_12ft\\doe_summary.csv",
    "n_train": 6999,
    "n_val": 1500,
    "n_test": 1500,
    "n_features_raw": 6,
    "n_features_engineered": 16,
    "input_features": [
      "loa",
      "le_sweep_p1",
      "le_sweep_p2",
      "te_sweep_p1",
      "te_sweep_p2",
      "panel_break"
    ]
  },
  "models": {
    "xgboost": {
      "test_metrics": {
        "overall": {
          "r2": 0.9478529332575558,
          "mae": 195.04234366641523,
          "rmse": 570.6225710092207
        },
        "per_output": {
          "range_nm": {
            "r2": 0.9711605902794108,
            "mae": 41.288808610405354,
            "rmse": 72.56178932489163,
            "mape": 2.753203488017755
          },
          "endurance_hr": {
            "r2": 0.9710323969969792,
            "mae": 0.2763871398921608,
            "rmse": 0.48481921155318364,
            "mape": 2.769296248846858
          },
          "mtow_lbm": {
            "r2": 0.9877650004698378,
            "mae": 79.81966765943685,
            "rmse": 117.76014193997689,
            "mape": 5.250881402759172
          },
          "material_cost_usd": {
            "r2": 0.9860087073308232,
            "mae": 853.3257899117591,
            "rmse": 1268.4259166447857,
            "mape": 5.945825432431559
          },
          "wingtip_deflection_in": {
            "r2": 0.8232979712107282,
            "mae": 0.5010650105822039,
            "rmse": 3.6588741822458477,
            "mape": 64370.11911856716
          }
        }
      },
      "model_path": "xgboost_v1.pkl"
    },
    "neural_network": {
      "test_metrics": {
        "overall": {
          "r2": 0.8217171911571917,
          "mae": 225.93345694759222,
          "rmse": 626.8890636740642
        },
        "per_output": {
          "range_nm": {
            "r2": 0.946877504962119,
            "mae": 56.802017005639655,
            "rmse": 98.48135884660269,
            "mape": 3.7130244828607566
          },
          "endurance_hr": {
            "r2": 0.9468742722513316,
            "mae": 0.3786909185390828,
            "rmse": 0.6565623685880062,
            "mape": 3.7130043406206426
          },
          "mtow_lbm": {
            "r2": 0.9821506327075181,
            "mae": 98.7542230293099,
            "rmse": 142.23541855172175,
            "mape": 9.216843232583539
          },
          "material_cost_usd": {
            "r2": 0.983173250604525,
            "mae": 972.4188555293473,
            "rmse": 1391.0293701086566,
            "mape": 11.666931633224465
          },
          "wingtip_deflection_in": {
            "r2": 0.2495102952604652,
            "mae": 1.3134982551240673,
            "rmse": 7.540481472628864,
            "mape": 53284.64421378377
          }
        }
      },
      "model_path": "neural_v1.pt",
      "training_epochs": 84
    },
    "ensemble": {
      "test_metrics": {
        "ensemble": {
          "overall": {
            "r2": 0.922675689021267,
            "mae": 181.47490212519165,
            "rmse": 499.3351885157494
          },
          "per_output": {
            "range_nm": {
              "r2": 0.9752850158413806,
              "mae": 40.75197340582816,
              "rmse": 67.17303458390852,
              "mape": 2.732576226153562
            },
            "endurance_hr": {
              "r2": 0.9753101078418482,
              "mae": 0.2710818087101899,
              "rmse": 0.4475928470652257,
              "mape": 2.7269232706568935
            },
            "mtow_lbm": {
              "r2": 0.9899256921046395,
              "mae": 76.20564707016928,
              "rmse": 106.85723980422465,
              "mape": 6.346025662498346
            },
            "material_cost_usd": {
              "r2": 0.9892974307400543,
              "mae": 789.2885153579513,
              "rmse": 1109.3796877603977,
              "mape": 7.894196324500566
            },
            "wingtip_deflection_in": {
              "r2": 0.6835601985784123,
              "mae": 0.857292983299955,
              "rmse": 4.896347801226551,
              "mape": 9983.946188560965
            }
          }
        },
        "xgboost": {
          "overall": {
            "r2": 0.9478529332575558,
            "mae": 195.04234366641523,
            "rmse": 570.6225710092207
          },
          "per_output": {
            "range_nm": {
              "r2": 0.9711605902794108,
              "mae": 41.288808610405354,
              "rmse": 72.56178932489163,
              "mape": 2.753203488017755
            },
            "endurance_hr": {
              "r2": 0.9710323969969792,
              "mae": 0.2763871398921608,
              "rmse": 0.48481921155318364,
              "mape": 2.769296248846858
            },
            "mtow_lbm": {
              "r2": 0.9877650004698378,
              "mae": 79.81966765943685,
              "rmse": 117.76014193997689,
              "mape": 5.250881402759172
            },
            "material_cost_usd": {
              "r2": 0.9860087073308232,
              "mae": 853.3257899117591,
              "rmse": 1268.4259166447857,
              "mape": 5.945825432431559
            },
            "wingtip_deflection_in": {
              "r2": 0.8232979712107282,
              "mae": 0.5010650105822039,
              "rmse": 3.6588741822458477,
              "mape": 64370.11911856716
            }
          }
        },
        "neural_network": {
          "overall": {
            "r2": 0.8217171911571917,
            "mae": 225.93345694759222,
            "rmse": 626.8890636740642
          },
          "per_output": {
            "range_nm": {
              "r2": 0.946877504962119,
              "mae": 56.802017005639655,
              "rmse": 98.48135884660269,
              "mape": 3.7130244828607566
            },
            "endurance_hr": {
              "r2": 0.9468742722513316,
              "mae": 0.3786909185390828,
              "rmse": 0.6565623685880062,
              "mape": 3.7130043406206426
            },
            "mtow_lbm": {
              "r2": 0.9821506327075181,
              "mae": 98.7542230293099,
              "rmse": 142.23541855172175,
              "mape": 9.216843232583539
            },
            "material_cost_usd": {
              "r2": 0.983173250604525,
              "mae": 972.4188555293473,
              "rmse": 1391.0293701086566,
              "mape": 11.666931633224465
            },
            "wingtip_deflection_in": {
              "r2": 0.2495102952604652,
              "mae": 1.3134982551240673,
              "rmse": 7.540481472628864,
              "mape": 53284.64421378377
            }
          }
        },
        "uncertainty": {
          "range_nm": {
            "mean": 27.880596160888672,
            "median": 17.984344482421875,
            "std": 46.82255935668945,
            "max": 833.908203125
          },
          "endurance_hr": {
            "mean": 0.18770767748355865,
            "median": 0.12363147735595703,
            "std": 0.31223124265670776,
            "max": 5.581071853637695
          },
          "mtow_lbm": {
            "mean": 52.659217834472656,
            "median": 40.16938781738281,
            "std": 53.457645416259766,
            "max": 722.996337890625
          },
          "material_cost_usd": {
            "mean": 521.641845703125,
            "median": 402.25390625,
            "std": 518.7484741210938,
            "max": 7114.0029296875
          },
          "wingtip_deflection_in": {
            "mean": 0.6502728462219238,
            "median": 0.19606439769268036,
            "std": 3.2750625610351562,
            "max": 54.8100700378418
          }
        }
      },
      "xgb_weight": 0.5,
      "nn_weight": 0.5
    }
  },