{
  "training_date": "2026-01-04T15:09:46.883126",
  "model_variant": "fixed_span_12ft",
  "fixed_span_inches": 144.0,
  "dataset": {
    "source_path": "D:\\nTop\\DOERunner\\gcp_10000sample_fixed_span_12ft\\doe_summary.csv",
    "n_train": 6999,
    "n_val": 1500,
    "n_test": 1500,
    "n_features_raw": 6,
    "n_features_engineered": 16,
    "input_features": [
      "loa",
      "le_sweep_p1",
      "le_sweep_p2",
      "te_sweep_p1",
      "te_sweep_p2",
      "panel_break"
    ]
  },
  "models": {
    "xgboost": {
      "test_metrics": {
        "overall": {
          "r2": 0.9478529332575558,
          "mae": 195.04234366641523,
          "rmse": 570.6225710092207
        },
        "per_output": {
          "range_nm": {
            "r2": 0.9711605902794108,
            "mae": 41.288808610405354,
            "rmse": 72.56178932489163,
            "mape": 2.753203488017755
          },
          "endurance_hr": {
            "r2": 0.9710323969969792,
            "mae": 0.2763871398921608,
            "rmse": 0.48481921155318364,
            "mape": 2.769296248846858
          },
          "mtow_lbm": {
            "r2": 0.9877650004698378,
            "mae": 79.81966765943685,
            "rmse": 117.76014193997689,
            "mape": 5.250881402759172
          },
          "material_cost_usd": {
            "r2": 0.9860087073308232,
            "mae": 853.3257899117591,
            "rmse": 1268.4259166447857,
            "mape": 5.945825432431559
          },
          "wingtip_deflection_in": {
            "r2": 0.8232979712107282,
            "mae": 0.5010650105822039,
            "rmse": 3.6588741822458477,
            "mape": 64370.11911856716
          }
        }
      },
      "model_path": "xgboost_v1.pkl"
    },
    "neural_network": {
      "test_metrics": {
        "overall": {
          "r2": 0.8891484548501793,
          "mae": 220.442876085416,
          "rmse": 614.0743341407355
        },
        "per_output": {
          "range_nm": {
            "r2": 0.9680414970462017,
            "mae": 51.455702508383084,
            "rmse": 76.38498781563098,
            "mape": 3.6421822155995014
          },
          "endurance_hr": {
            "r2": 0.9680447212377242,
            "mae": 0.34309280401045644,
            "rmse": 0.5092075639962632,
            "mape": 3.6430675792902463
          },
          "mtow_lbm": {
            "r2": 0.9853746725682601,
            "mae": 92.1582540890625,
            "rmse": 128.7505642098847,
            "mape": 7.446856762766013
          },
          "material_cost_usd": {
            "r2": 0.9837991370178364,
            "mae": 957.0010329467656,
            "rmse": 1364.9139136474853,
            "mape": 8.844519612971359
          },
          "wingtip_deflection_in": {
            "r2": 0.5404822463808739,
            "mae": 1.256298078858323,
            "rmse": 5.900351103135962,
            "mape": 40897.06235103087
          }
        }
      },
      "model_path": "neural_v1.pt",
      "training_epochs": 120
    },
    "ensemble": {
      "test_metrics": {
        "ensemble": {
          "overall": {
            "r2": 0.9335465310987712,
            "mae": 171.75052184709273,
            "rmse": 489.23635698126117
          },
          "per_output": {
            "range_nm": {
              "r2": 0.975878882602084,
              "mae": 41.35671732075559,
              "rmse": 66.36109006516978,
              "mape": 2.870334810642192
            },
            "endurance_hr": {
              "r2": 0.976028068312463,
              "mae": 0.27547562388301505,
              "rmse": 0.44103703185005777,
              "mape": 2.8683725965204543
            },
            "mtow_lbm": {
              "r2": 0.9904504022618009,
              "mae": 71.80949339102864,
              "rmse": 104.03725405241902,
              "mape": 5.581519204668461
            },
            "material_cost_usd": {
              "r2": 0.9897253688207043,
              "mae": 744.4022244812676,
              "rmse": 1086.974377877028,
              "mape": 6.529318043648252
            },
            "wingtip_deflection_in": {
              "r2": 0.7356499334968043,
              "mae": 0.9086984185292689,
              "rmse": 4.475240916374752,
              "mape": 50200.862337269165
            }
          }
        },
        "xgboost": {
          "overall": {
            "r2": 0.9478529332575558,
            "mae": 195.04234366641523,
            "rmse": 570.6225710092207
          },
          "per_output": {
            "range_nm": {
              "r2": 0.9711605902794108,
              "mae": 41.288808610405354,
              "rmse": 72.56178932489163,
              "mape": 2.753203488017755
            },
            "endurance_hr": {
              "r2": 0.9710323969969792,
              "mae": 0.2763871398921608,
              "rmse": 0.48481921155318364,
              "mape": 2.769296248846858
            },
            "mtow_lbm": {
              "r2": 0.9877650004698378,
              "mae": 79.81966765943685,
              "rmse": 117.76014193997689,
              "mape": 5.250881402759172
            },
            "material_cost_usd": {
              "r2": 0.9860087073308232,
              "mae": 853.3257899117591,
              "rmse": 1268.4259166447857,
              "mape": 5.945825432431559
            },
            "wingtip_deflection_in": {
              "r2": 0.8232979712107282,
              "mae": 0.5010650105822039,
              "rmse": 3.6588741822458477,
              "mape": 64370.11911856716
            }
          }
        },
        "neural_network": {
          "overall": {
            "r2": 0.8891484548501793,
            "mae": 220.442876085416,
            "rmse": 614.0743341407355
          },
          "per_output": {
            "range_nm": {
              "r2": 0.9680414970462017,
              "mae": 51.455702508383084,
              "rmse": 76.38498781563098,
              "mape": 3.6421822155995014
            },
            "endurance_hr": {
              "r2": 0.9680447212377242,
              "mae": 0.34309280401045644,
              "rmse": 0.5092075639962632,
              "mape": 3.6430675792902463
            },
            "mtow_lbm": {
              "r2": 0.9853746725682601,
              "mae": 92.1582540890625,
              "rmse": 128.7505642098847,
              "mape": 7.446856762766013
            },
            "material_cost_usd": {
              "r2": 0.9837991370178364,
              "mae": 957.0010329467656,
              "rmse": 1364.9139136474853,
              "mape": 8.844519612971359
            },
            "wingtip_deflection_in": {
              "r2": 0.5404822463808739,
              "mae": 1.256298078858323,
              "rmse": 5.900351103135962,
              "mape": 40897.06235103087
            }
          }
        },
        "uncertainty": {
          "range_nm": {
            "mean": 24.934097290039062,
            "median": 17.9854736328125,
            "std": 25.129852294921875,
            "max": 252.7369384765625
          },
          "endurance_hr": {
            "mean": 0.16769658029079437,
            "median": 0.12088847160339355,
            "std": 0.17103944718837738,
            "max": 1.6938228607177734
          },
          "mtow_lbm": {
            "mean": 52.00368118286133,
            "median": 40.2130126953125,
            "std": 46.46957015991211,
            "max": 353.9815673828125
          },
          "material_cost_usd": {
            "mean": 568.484130859375,
            "median": 435.067626953125,
            "std": 529.9320068359375,
            "max": 3975.626953125
          },
          "wingtip_deflection_in": {
            "mean": 0.592917799949646,
            "median": 0.2544400990009308,
            "std": 2.474486827850342,
            "max": 43.8978385925293
          }
        }
      },
      "xgb_weight": 0.4,
      "nn_weight": 0.6
    }
  },