{
  "training_date": "2026-01-04T14:45:32.127512",
  "dataset": {
    "n_train": 6995,
    "n_val": 1499,
    "n_test": 1500,
    "n_features_raw": 7,
    "n_features_engineered": 17
  },
  "models": {
    "xgboost": {
      "test_metrics": {
        "overall": {
          "r2": 0.9464589338203538,
          "mae": 215.73571555506206,
          "rmse": 700.316957047538
        },
        "per_output": {
          "range_nm": {
            "r2": 0.9723871996495391,
            "mae": 54.43755249294037,
            "rmse": 111.18407710521606,
            "mape": 4.260319698622262
          },
          "endurance_hr": {
            "r2": 0.9725952180824062,
            "mae": 0.36205457959457515,
            "rmse": 0.7384299199113722,
            "mape": 4.2893223348358545
          },
          "mtow_lbm": {
            "r2": 0.9801416015351248,
            "mae": 97.08879242881511,
            "rmse": 163.07789821779576,
            "mape": 5.239614836226983
          },
          "material_cost_usd": {
            "r2": 0.9809805642367054,
            "mae": 926.2350668691549,
            "rmse": 1553.462822492508,
            "mape": 5.033794838746614
          },
          "wingtip_deflection_in": {
            "r2": 0.8261900855979936,
            "mae": 0.5551114048058362,
            "rmse": 3.9516588426540986,
            "mape": 2040.615366838394
          }
        }
      },
      "model_path": "xgboost_v1.pkl"
    },
    "neural_network": {
      "test_metrics": {
        "overall": {
          "r2": 0.9170864288117521,
          "mae": 320.2556601462205,
          "rmse": 868.2144472040414
        },
        "per_output": {
          "range_nm": {
            "r2": 0.9563615935625874,
            "mae": 85.18757214178044,
            "rmse": 139.7725249195342,
            "mape": 8.032393751309092
          },
          "endurance_hr": {
            "r2": 0.9563714670290935,
            "mae": 0.5678896414617299,
            "rmse": 0.9317114120963835,
            "mape": 8.03213635108467
          },
          "mtow_lbm": {
            "r2": 0.9707163628144159,
            "mae": 140.36987174490886,
            "rmse": 198.03205942246956,
            "mape": 10.59664306664465
          },
          "material_cost_usd": {
            "r2": 0.9707589045515688,
            "mae": 1374.1144058491789,
            "rmse": 1926.1888694095899,
            "mape": 10.885787881567198
          },
          "wingtip_deflection_in": {
            "r2": 0.7312238161010951,
            "mae": 1.038561353772783,
            "rmse": 4.9140272745058065,
            "mape": 13881.853007975244
          }
        }
      },
      "model_path": "neural_v1.pt",
      "training_epochs": 101
    },
    "ensemble": {
      "test_metrics": {
        "ensemble": {
          "overall": {
            "r2": 0.9515928301991254,
            "mae": 221.05094631267835,
            "rmse": 665.2752918525539
          },
          "per_output": {
            "range_nm": {
              "r2": 0.9717773270368577,
              "mae": 58.04524455922564,
              "rmse": 112.4052098536689,
              "mape": 5.085232155710896
            },
            "endurance_hr": {
              "r2": 0.971987675747117,
              "mae": 0.3839701383950105,
              "rmse": 0.7465702546075917,
              "mape": 5.079999504075329
            },
            "mtow_lbm": {
              "r2": 0.9816524560178058,
              "mae": 100.13843695667641,
              "rmse": 156.75159330227442,
              "mape": 6.494378391125541
            },
            "material_cost_usd": {
              "r2": 0.9828524490765005,
              "mae": 946.0253063136989,
              "rmse": 1475.0376318088272,
              "mape": 6.433828807080754
            },
            "wingtip_deflection_in": {
              "r2": 0.8496942431173462,
              "mae": 0.6617735953963355,
              "rmse": 3.6747684438058066,
              "mape": 6213.3116005952015
            }
          }
        },
        "xgboost": {
          "overall": {
            "r2": 0.9464589338203538,
            "mae": 215.73571555506206,
            "rmse": 700.316957047538
          },
          "per_output": {
            "range_nm": {
              "r2": 0.9723871996495391,
              "mae": 54.43755249294037,
              "rmse": 111.18407710521606,
              "mape": 4.260319698622262
            },
            "endurance_hr": {
              "r2": 0.9725952180824062,
              "mae": 0.36205457959457515,
              "rmse": 0.7384299199113722,
              "mape": 4.2893223348358545
            },
            "mtow_lbm": {
              "r2": 0.9801416015351248,
              "mae": 97.08879242881511,
              "rmse": 163.07789821779576,
              "mape": 5.239614836226983
            },
            "material_cost_usd": {
              "r2": 0.9809805642367054,
              "mae": 926.2350668691549,
              "rmse": 1553.462822492508,
              "mape": 5.033794838746614
            },
            "wingtip_deflection_in": {
              "r2": 0.8261900855979936,
              "mae": 0.5551114048058362,
              "rmse": 3.9516588426540986,
              "mape": 2040.615366838394
            }
          }
        },
        "neural_network": {
          "overall": {
            "r2": 0.9170864288117521,
            "mae": 320.2556601462205,
            "rmse": 868.2144472040414
          },
          "per_output": {
            "range_nm": {
              "r2": 0.9563615935625874,
              "mae": 85.18757214178044,
              "rmse": 139.7725249195342,
              "mape": 8.032393751309092
            },
            "endurance_hr": {
              "r2": 0.9563714670290935,
              "mae": 0.5678896414617299,
              "rmse": 0.9317114120963835,
              "mape": 8.03213635108467
            },
            "mtow_lbm": {
              "r2": 0.9707163628144159,
              "mae": 140.36987174490886,
              "rmse": 198.03205942246956,
              "mape": 10.59664306664465
            },
            "material_cost_usd": {
              "r2": 0.9707589045515688,
              "mae": 1374.1144058491789,
              "rmse": 1926.1888694095899,
              "mape": 10.885787881567198
            },
            "wingtip_deflection_in": {
              "r2": 0.7312238161010951,
              "mae": 1.038561353772783,
              "rmse": 4.9140272745058065,
              "mape": 13881.853007975244
            }
          }
        },
        "uncertainty": {
          "range_nm": {
            "mean": 38.08140563964844,
            "median": 30.410858154296875,
            "std": 35.422515869140625,
            "max": 384.2139587402344
          },
          "endurance_hr": {
            "mean": 0.2529926896095276,
            "median": 0.202506422996521,
            "std": 0.24063588678836823,
            "max": 2.5681846141815186
          },
          "mtow_lbm": {
            "mean": 63.69456100463867,
            "median": 49.02040100097656,
            "std": 57.532012939453125,
            "max": 605.651123046875
          },
          "material_cost_usd": {
            "mean": 659.3150634765625,
            "median": 536.97021484375,
            "std": 594.2294921875,
            "max": 6279.24609375
          },
          "wingtip_deflection_in": {
            "mean": 0.5519710183143616,
            "median": 0.214694082736969,
            "std": 2.3345284461975098,
            "max": 40.750972747802734
          }
        }
      },
      "xgb_weight": 0.6,
      "nn_weight": 0.4
    }
  },
  "feature_importance": {
    "span": 0.1665739119052887,
    "Span_LOA_Ratio": 0.12802380323410034,
    "Avg_TE_Sweep": 0.10870735347270966,
    "Wing_Loading_Proxy": 0.0852547436952591,
    "panel_break": 0.0763208344578743,
    "Sweep_Diff_P2": 0.07552393525838852,
    "Aspect_Ratio_Proxy": 0.07046763598918915,