{
  "training_date": "2026-01-03T22:01:30.845611",
  "dataset": {
    "n_train": 6995,
    "n_val": 1499,
    "n_test": 1500,
    "n_features_raw": 7,
    "n_features_engineered": 17
  },
  "models": {
    "xgboost": {
      "test_metrics": {
        "overall": {
          "r2": -1834.5225742922344,
          "mae": 294.6425903857091,
          "rmse": 4043.6203512733523
        },
        "per_output": {
          "range_nm": {
            "r2": 0.9723871996495391,
            "mae": 54.43755249294037,
            "rmse": 111.18407710521606,
            "mape": 4.260319698622262
          },
          "endurance_hr": {
            "r2": 0.9725952180824062,
            "mae": 0.36205457959457515,
            "rmse": 0.7384299199113722,
            "mape": 4.2893223348358545
          },
          "mtow_lbm": {
            "r2": 0.9801416015351248,
            "mae": 97.08879242881511,
            "rmse": 163.07789821779576,
            "mape": 5.239614836226983
          },
          "material_cost_usd": {
            "r2": 0.9809805642367054,
            "mae": 926.2350668691549,
            "rmse": 1553.462822492508,
            "mape": 5.033794838746614
          },
          "wingtip_deflection_in": {
            "r2": -9176.518976044674,
            "mae": 395.0894855580412,
            "rmse": 8905.174009536597,
            "mape": 3036941.456777793
          }
        }
      },
      "model_path": "xgboost_v1.pkl"
    },
    "neural_network": {
      "test_metrics": {
        "overall": {
          "r2": -0.08928370786467785,
          "mae": 61.38239932319533,
          "rmse": 1751.0728436676434
        },
        "per_output": {
          "range_nm": {
            "r2": -0.09860586248366832,
            "mae": 0.5865148834861668,
            "rmse": 0.7642126438877853,
            "mape": 183.17524174530104
          },
          "endurance_hr": {
            "r2": -0.10017902705405501,
            "mae": 0.5864661966275729,
            "rmse": 0.7647596108283645,
            "mape": 183.09454506367416
          },
          "mtow_lbm": {
            "r2": -0.11773144460344431,
            "mae": 0.6091342075179903,
            "rmse": 0.8379440720387709,
            "mape": 391.70803472703733
          },
          "material_cost_usd": {
            "r2": -0.1280464112245432,
            "mae": 0.5996415685616435,
            "rmse": 0.8275809926789118,
            "mape": 274.3434251588178
          },
          "wingtip_deflection_in": {
            "r2": -0.0018557939576757665,
            "mae": 304.5302397597833,
            "rmse": 3915.517585611467,
            "mape": 63349.00707078268
          }
        }
      },
      "model_path": "neural_v1.pt",
      "training_epochs": 54
    },
    "ensemble": {
      "test_metrics": {
        "ensemble": {
          "overall": {
            "r2": -1834.5225742922344,
            "mae": 294.6425903857091,
            "rmse": 4043.6203512733523
          },
          "per_output": {
            "range_nm": {
              "r2": 0.9723871996495391,
              "mae": 54.43755249294037,
              "rmse": 111.18407710521606,
              "mape": 4.260319698622262
            },
            "endurance_hr": {
              "r2": 0.9725952180824062,
              "mae": 0.36205457959457515,
              "rmse": 0.7384299199113722,
              "mape": 4.2893223348358545
            },
            "mtow_lbm": {
              "r2": 0.9801416015351248,
              "mae": 97.08879242881511,
              "rmse": 163.07789821779576,
              "mape": 5.239614836226983
            },
            "material_cost_usd": {
              "r2": 0.9809805642367054,
              "mae": 926.2350668691549,
              "rmse": 1553.462822492508,
              "mape": 5.033794838746614
            },
            "wingtip_deflection_in": {
              "r2": -9176.518976044674,
              "mae": 395.0894855580412,
              "rmse": 8905.174009536597,
              "mape": 3036941.456777793
            }
          }
        },
        "xgboost": {
          "overall": {
            "r2": -1834.5225742922344,
            "mae": 294.6425903857091,
            "rmse": 4043.6203512733523
          },
          "per_output": {
            "range_nm": {
              "r2": 0.9723871996495391,
              "mae": 54.43755249294037,
              "rmse": 111.18407710521606,
              "mape": 4.260319698622262
            },
            "endurance_hr": {
              "r2": 0.9725952180824062,
              "mae": 0.36205457959457515,
              "rmse": 0.7384299199113722,
              "mape": 4.2893223348358545
            },
            "mtow_lbm": {
              "r2": 0.9801416015351248,
              "mae": 97.08879242881511,
              "rmse": 163.07789821779576,
              "mape": 5.239614836226983
            },
            "material_cost_usd": {
              "r2": 0.9809805642367054,
              "mae": 926.2350668691549,
              "rmse": 1553.462822492508,
              "mape": 5.033794838746614
            },
            "wingtip_deflection_in": {
              "r2": -9176.518976044674,
              "mae": 395.0894855580412,
              "rmse": 8905.174009536597,
              "mape": 3036941.456777793
            }
          }
        },
        "neural_network": {
          "overall": {
            "r2": -1283821301.45186,
            "mae": 1458668.5449567917,
            "rmse": 3328999.777800878
          },
          "per_output": {
            "range_nm": {
              "r2": -223.397490036225,
              "mae": 9639.395635777686,
              "rmse": 10022.968524823737,
              "mape": 887.9435578239891
            },
            "endurance_hr": {
              "r2": -6794825.624875353,
              "mae": 11272.170351829664,
              "rmse": 11627.471936107344,
              "mape": 151622.83170184272
            },
            "mtow_lbm": {
              "r2": -489.1975158870972,
              "mae": 24758.639716884478,
              "rmse": 25621.735777158665,
              "mape": 1663.8293715218176
            },
            "material_cost_usd": {
              "r2": -15.531595352577753,
              "mae": 43214.22758662261,
              "rmse": 45799.36250208639,
              "mape": 260.9150904606941
            },
            "wingtip_deflection_in": {
              "r2": -6412310953.507823,
              "mae": 7204458.29149283,
              "rmse": 7443668.980418189,
              "mape": 216703358373.73563
            }
          }
        },
        "uncertainty": {
          "range_nm": {
            "mean": 4821.67333984375,
            "median": 4853.876953125,
            "std": 1366.41162109375,
            "max": 8123.07763671875
          },
          "endurance_hr": {
            "mean": 5636.09326171875,
            "median": 5622.52294921875,
            "std": 1426.186279296875,
            "max": 9360.736328125
          },
          "mtow_lbm": {
            "mean": 12375.6962890625,
            "median": 12284.76171875,
            "std": 3280.6064453125,
            "max": 21562.607421875
          },
          "material_cost_usd": {
            "mean": 21564.62109375,
            "median": 20458.9765625,
            "std": 7309.39990234375,
            "max": 53320.96484375
          },
          "wingtip_deflection_in": {
            "mean": 3602068.25,
            "median": 3586621.75,
            "std": 936014.1875,
            "max": 6080816.0
          }
        }
      },
      "xgb_weight": 1.0,
      "nn_weight": 0.0
    }
  },
  "feature_importance": {
    "span": 