{
  "training_date": "2026-01-03T22:33:57.937400",
  "dataset": {
    "n_train": 6995,
    "n_val": 1499,
    "n_test": 1500,
    "n_features_raw": 7,
    "n_features_engineered": 17
  },
  "models": {
    "xgboost": {
      "test_metrics": {
        "overall": {
          "r2": 0.9464589338203538,
          "mae": 215.73571555506206,
          "rmse": 700.316957047538
        },
        "per_output": {
          "range_nm": {
            "r2": 0.9723871996495391,
            "mae": 54.43755249294037,
            "rmse": 111.18407710521606,
            "mape": 4.260319698622262
          },
          "endurance_hr": {
            "r2": 0.9725952180824062,
            "mae": 0.36205457959457515,
            "rmse": 0.7384299199113722,
            "mape": 4.2893223348358545
          },
          "mtow_lbm": {
            "r2": 0.9801416015351248,
            "mae": 97.08879242881511,
            "rmse": 163.07789821779576,
            "mape": 5.239614836226983
          },
          "material_cost_usd": {
            "r2": 0.9809805642367054,
            "mae": 926.2350668691549,
            "rmse": 1553.462822492508,
            "mape": 5.033794838746614
          },
          "wingtip_deflection_in": {
            "r2": 0.8261900855979936,
            "mae": 0.5551114048058362,
            "rmse": 3.9516588426540986,
            "mape": 2040.615366838394
          }
        }
      },
      "model_path": "xgboost_v1.pkl"
    },
    "neural_network": {
      "test_metrics": {
        "overall": {
          "r2": 0.21657182122883634,
          "mae": 6.535965155773863,
          "rmse": 104.04642814125951
        },
        "per_output": {
          "range_nm": {
            "r2": 0.0881559579395772,
            "mae": 0.559170827949386,
            "rmse": 0.696231302287048,
            "mape": 177.6449728898368
          },
          "endurance_hr": {
            "r2": 0.07894081779418072,
            "mae": 0.5606888343695764,
            "rmse": 0.699740532129374,
            "mape": 175.2257662137621
          },
          "mtow_lbm": {
            "r2": 0.12621640738933992,
            "mae": 0.5627058382896375,
            "rmse": 0.7408806312833102,
            "mape": 307.94291816210546
          },
          "material_cost_usd": {
            "r2": 0.12972683246318806,
            "mae": 0.5520529480613316,
            "rmse": 0.7269002532396921,
            "mape": 298.8105193549461
          },
          "wingtip_deflection_in": {
            "r2": 0.6598190905579002,
            "mae": 30.44520733019939,
            "rmse": 232.65047685711895,
            "mape": 17314.76655986824
          }
        }
      },
      "model_path": "neural_v1.pt",
      "training_epochs": 43
    },
    "ensemble": {
      "test_metrics": {
        "ensemble": {
          "overall": {
            "r2": 0.9464589338203538,
            "mae": 215.73571555506206,
            "rmse": 700.316957047538
          },
          "per_output": {
            "range_nm": {
              "r2": 0.9723871996495391,
              "mae": 54.43755249294037,
              "rmse": 111.18407710521606,
              "mape": 4.260319698622262
            },
            "endurance_hr": {
              "r2": 0.9725952180824062,
              "mae": 0.36205457959457515,
              "rmse": 0.7384299199113722,
              "mape": 4.2893223348358545
            },
            "mtow_lbm": {
              "r2": 0.9801416015351248,
              "mae": 97.08879242881511,
              "rmse": 163.07789821779576,
              "mape": 5.239614836226983
            },
            "material_cost_usd": {
              "r2": 0.9809805642367054,
              "mae": 926.2350668691549,
              "rmse": 1553.462822492508,
              "mape": 5.033794838746614
            },
            "wingtip_deflection_in": {
              "r2": 0.8261900855979936,
              "mae": 0.5551114048058362,
              "rmse": 3.9516588426540986,
              "mape": 2040.615366838394
            }
          }
        },
        "xgboost": {
          "overall": {
            "r2": 0.9464589338203538,
            "mae": 215.73571555506206,
            "rmse": 700.316957047538
          },
          "per_output": {
            "range_nm": {
              "r2": 0.9723871996495391,
              "mae": 54.43755249294037,
              "rmse": 111.18407710521606,
              "mape": 4.260319698622262
            },
            "endurance_hr": {
              "r2": 0.9725952180824062,
              "mae": 0.36205457959457515,
              "rmse": 0.7384299199113722,
              "mape": 4.2893223348358545
            },
            "mtow_lbm": {
              "r2": 0.9801416015351248,
              "mae": 97.08879242881511,
              "rmse": 163.07789821779576,
              "mape": 5.239614836226983
            },
            "material_cost_usd": {
              "r2": 0.9809805642367054,
              "mae": 926.2350668691549,
              "rmse": 1553.462822492508,
              "mape": 5.033794838746614
            },
            "wingtip_deflection_in": {
              "r2": 0.8261900855979936,
              "mae": 0.5551114048058362,
              "rmse": 3.9516588426540986,
              "mape": 2040.615366838394
            }
          }
        },
        "neural_network": {
          "overall": {
            "r2": -2265355078391.699,
            "mae": 4812379.187053294,
            "rmse": 14266269.242236042
          },
          "per_output": {
            "range_nm": {
              "r2": -869.2026500757715,
              "mae": 14677.923704867333,
              "rmse": 19737.746637432658,
              "mape": 1292.4667891138922
            },
            "endurance_hr": {
              "r2": -10180209.226623977,
              "mae": 10660.510231054015,
              "rmse": 14232.280131360581,
              "mape": 139975.45425396602
            },
            "mtow_lbm": {
              "r2": -41.79818066869986,
              "mae": 6186.887326518243,
              "rmse": 7570.693237800445,
              "mape": 367.72161265192375
            },
            "material_cost_usd": {
              "r2": -4.895956976471901,
              "mae": 24143.4656999284,
              "rmse": 27351.377435795446,
              "mape": 128.11403465008854
            },
            "wingtip_deflection_in": {
              "r2": -11326765210833.377,
              "mae": 24006227.148304127,
              "rmse": 31900325.90601806,
              "mape": 640351725558.9171
            }
          }
        },
        "uncertainty": {
          "range_nm": {
            "mean": 7338.17138671875,
            "median": 5826.6787109375,
            "std": 6601.93017578125,
            "max": 31819.32421875
          },
          "endurance_hr": {
            "mean": 5330.25390625,
            "median": 4449.75390625,
            "std": 4714.65625,
            "max": 22307.76171875
          },
          "mtow_lbm": {
            "mean": 3089.820068359375,
            "median": 2773.39599609375,
            "std": 2169.844482421875,
            "max": 10281.7919921875
          },
          "material_cost_usd": {
            "mean": 12029.240234375,
            "median": 11095.015625,
            "std": 6144.431640625,
            "max": 39766.0
          },
          "wingtip_deflection_in": {
            "mean": 12003114.0,
            "median": 10084304.0,
            "std": 10503950.0,
            "max": 49909348.0
          }
        }
      },
      "xgb_weight": 1.0,
      "nn_weight": 0.0
    }
  },
  "feature_importance": {
    "span": 0.1665739119052887,
    "Span_LOA_Ratio": 0.12802380323410034,
    "Avg_TE_Sweep": 0.10870735347270966,
    "Wing_Loading_Proxy": 0.0852547436952591,
    "panel_break": 0.0763208344578743,
    "Sweep_Diff_P2": 0.07552393525838852,
    "Aspect_Ratio_Proxy": 0.07046763598918915,
    "Sweep_Diff_P1": 0.060964010655879974,
    "loa": 0.05785660818219185,