{
  "training_date": "2026-01-03T11:38:43.183863",
  "dataset": {
    "n_train": 6995,
    "n_val": 1499,
    "n_test": 1500,
    "n_features_raw": 7,
    "n_features_engineered": 17
  },
  "models": {
    "xgboost": {
      "test_metrics": {
        "overall": {
          "r2": 0.9765261458759439,
          "mae": 269.5308665926261,
          "rmse": 782.9756678904537
        },
        "per_output": {
          "range_nm": {
            "r2": 0.9723871996495391,
            "mae": 54.43755249294037,
            "rmse": 111.18407710521606,
            "mape": 4.260319698622262
          },
          "endurance_hr": {
            "r2": 0.9725952180824062,
            "mae": 0.36205457959457515,
            "rmse": 0.7384299199113722,
            "mape": 4.2893223348358545
          },
          "mtow_lbm": {
            "r2": 0.9801416015351248,
            "mae": 97.08879242881511,
            "rmse": 163.07789821779576,
            "mape": 5.239614836226983
          },
          "material_cost_usd": {
            "r2": 0.9809805642367054,
            "mae": 926.2350668691549,
            "rmse": 1553.462822492508,
            "mape": 5.033794838746614
          }
        }
      },
      "model_path": "xgboost_v1.pkl"
    },
    "neural_network": {
      "test_metrics": {
        "overall": {
          "r2": 0.987572994478833,
          "mae": 0.05423310871308426,
          "rmse": 0.08357390378164392
        },
        "per_output": {
          "range_nm": {
            "r2": 0.9839435188647897,
            "mae": 0.056512216513407355,
            "rmse": 0.09238861345845689,
            "mape": 48.11564822821941
          },
          "endurance_hr": {
            "r2": 0.9839073442682286,
            "mae": 0.05661647049535236,
            "rmse": 0.0924926287932194,
            "mape": 46.67518172783775
          },
          "mtow_lbm": {
            "r2": 0.9911134258431321,
            "mae": 0.051530056548277664,
            "rmse": 0.0747159775874301,
            "mape": 66.04616023510653
          },
          "material_cost_usd": {
            "r2": 0.9913276889391813,
            "mae": 0.0522736912952995,
            "rmse": 0.07256286921361445,
            "mape": 49.30275260676423
          }
        }
      },
      "model_path": "neural_v1.pt",
      "training_epochs": 128
    },
    "ensemble": {
      "test_metrics": {
        "ensemble": {
          "overall": {
            "r2": 0.9765261458759439,
            "mae": 269.5308665926261,
            "rmse": 782.9756678904537
          },
          "per_output": {
            "range_nm": {
              "r2": 0.9723871996495391,
              "mae": 54.43755249294037,
              "rmse": 111.18407710521606,
              "mape": 4.260319698622262
            },
            "endurance_hr": {
              "r2": 0.9725952180824062,
              "mae": 0.36205457959457515,
              "rmse": 0.7384299199113722,
              "mape": 4.2893223348358545
            },
            "mtow_lbm": {
              "r2": 0.9801416015351248,
              "mae": 97.08879242881511,
              "rmse": 163.07789821779576,
              "mape": 5.239614836226983
            },
            "material_cost_usd": {
              "r2": 0.9809805642367054,
              "mae": 926.2350668691549,
              "rmse": 1553.462822492508,
              "mape": 5.033794838746614
            }
          }
        },
        "xgboost": {
          "overall": {
            "r2": 0.9765261458759439,
            "mae": 269.5308665926261,
            "rmse": 782.9756678904537
          },
          "per_output": {
            "range_nm": {
              "r2": 0.9723871996495391,
              "mae": 54.43755249294037,
              "rmse": 111.18407710521606,
              "mape": 4.260319698622262
            },
            "endurance_hr": {
              "r2": 0.9725952180824062,
              "mae": 0.36205457959457515,
              "rmse": 0.7384299199113722,
              "mape": 4.2893223348358545
            },
            "mtow_lbm": {
              "r2": 0.9801416015351248,
              "mae": 97.08879242881511,
              "rmse": 163.07789821779576,
              "mape": 5.239614836226983
            },
            "material_cost_usd": {
              "r2": 0.9809805642367054,
              "mae": 926.2350668691549,
              "rmse": 1553.462822492508,
              "mape": 5.033794838746614
            }
          }
        },
        "neural_network": {
          "overall": {
            "r2": -2671.4053760132947,
            "mae": 5659.8058502788435,
            "rmse": 11283.291566466001
          },
          "per_output": {
            "range_nm": {
              "r2": -1.8270178399719907,
              "mae": 948.9328414917762,
              "rmse": 1124.9977236024786,
              "mape": 63.61795341568287
            },
            "endurance_hr": {
              "r2": -10678.5568388603,
              "mae": 447.7344506252366,
              "rmse": 460.9700673346767,
              "mape": 5771.59784032872
            },
            "mtow_lbm": {
              "r2": -2.27027395825739,
              "mae": 1792.3981405245613,
              "rmse": 2092.7389776330483,
              "mape": 91.07493992405912
            },
            "material_cost_usd": {
              "r2": -2.967373394639612,
              "mae": 19450.157968473806,
              "rmse": 22436.421385460228,
              "mape": 98.73935249293217
            }
          }
        },
        "uncertainty": {
          "range_nm": {
            "mean": 471.62933349609375,
            "median": 429.90179443359375,
            "std": 287.8302917480469,
            "max": 1736.577392578125
          },
          "endurance_hr": {
            "mean": 223.87539672851562,
            "median": 227.3740692138672,
            "std": 54.85892868041992,
            "max": 364.27093505859375
          },
          "mtow_lbm": {
            "mean": 892.5755004882812,
            "median": 799.9898681640625,
            "std": 507.81219482421875,
            "max": 3591.362060546875
          },
          "material_cost_usd": {
            "mean": 9682.5869140625,
            "median": 8792.275390625,
            "std": 5282.5107421875,
            "max": 35531.00390625
          }
        }
      },
      "xgb_weight": 1.0,
      "nn_weight": 0.0
    }
  },
  "feature_importance": {
    "span": 